file:line,value,current_context,suggested_token_or_keep_local
styles.css:145,"rgba(12,14,18,0.92)",".trust-strip [in @media (max-width: 640px)] :: background: rgba(12, 14, 18, 0.92)",keep_local (decorative low-alpha)
styles.css:225,"rgba(255,255,255,.04)",".u-noscript-card :: .u-noscript-card { margin: 48px auto; padding: 24px; background: rgba(255,255,255,.04)",keep_local (decorative low-alpha)
styles.css:226,#fbf8f1,"(unknown) :: border: 1px solid rgba(255,255,255,.1); border-radius: 14px; color: #fbf8f1; }",keep_local (no token match)
styles.css:226,"rgba(255,255,255,.1)","(unknown) :: border: 1px solid rgba(255,255,255,.1); border-radius: 14px; color: #fbf8f1; }",keep_local (no token match)
styles.css:227,#c9cdd4,(unknown) :: .u-noscript-msg  { margin: 0 0 16px; color: #c9cdd4; line-height: 1.6; },keep_local (no token match)
styles.css:491,"rgba(12,14,18,.88)",".site-nav.scrolled :: background: rgba(12, 14, 18, .88)",keep_local (no token match)
styles.css:529,#ffffff,.nav-cta :: color: #fff,keep_local (no token match)
styles.css:595,"rgba(0,0,0,.4)",".nav-drawer [in @media (max-width: 900px)] :: box-shadow: -16px 0 48px rgba(0,0,0,.4)",keep_local (shadow/gradient ladder)
styles.css:602,"rgba(0,0,0,.4)","[dir=""rtl""] .nav-drawer [in @media (max-width: 900px)] :: box-shadow: 16px 0 48px rgba(0,0,0,.4)",keep_local (shadow/gradient ladder)
styles.css:649,"rgba(0,0,0,.55)",".nav-backdrop [in @media (max-width: 900px)] :: background: rgba(0,0,0,.55)",keep_local (no token match)
styles.css:674,#1a1208,".hero__bg :: background: var(--hero-gradient, linear-gradient(135deg, #1a1208 0%, #0a0c12 60%, #0c1420 100%))",keep_local (shadow/gradient ladder)
styles.css:674,#0a0c12,".hero__bg :: background: var(--hero-gradient, linear-gradient(135deg, #1a1208 0%, #0a0c12 60%, #0c1420 100%))",keep_local (shadow/gradient ladder)
styles.css:674,#0c1420,".hero__bg :: background: var(--hero-gradient, linear-gradient(135deg, #1a1208 0%, #0a0c12 60%, #0c1420 100%))",keep_local (shadow/gradient ladder)
styles.css:979,"rgba(12,14,18,.8)",".hotel-card__ribbon :: background: rgba(12, 14, 18, .8)",keep_local (no token match)
styles.css:984,#8ab4f8,.hotel-card__ribbon.economique :: color: #8AB4F8,keep_local (no token match)
styles.css:988,#8bd5ca,.hotel-card__ribbon.medium :: color: #8BD5CA,keep_local (no token match)
styles.css:1484,"rgba(255,255,255,.35)",".btn--primary::after :: background: radial-gradient(circle at center, rgba(255, 255, 255, .35) 0%, transparent 60%)",keep_local (shadow/gradient ladder)
styles.css:1493,"rgba(255,255,255,.25)",".btn--ghost :: border: 1px solid rgba(255, 255, 255, .25)",keep_local (no token match)
styles.css:1506,#ffffff,.btn--wa :: color: #fff,keep_local (no token match)
styles.css:1524,"rgba(12,14,18,.96)",".sticky-total :: background: rgba(12, 14, 18, .96)",keep_local (no token match)
styles.css:1826,"rgba(185,64,64,.25)",".final-cta__scarcity :: border: 1px solid rgba(185, 64, 64, .25)",keep_local (no token match)
styles.css:2274,"rgba(255,255,255,.06)",".bf-trip-chip :: border: 1px solid rgba(255, 255, 255, .06)",var(--border)
styles.css:2432,"rgba(0,0,0,.7)",".upload-thumb__label :: background: rgba(0, 0, 0, .7)",keep_local (no token match)
styles.css:2450,#ffffff,.upload-thumb__remove :: color: #fff,keep_local (no token match)
styles.css:2652,#fff4d6,"(unknown) :: .hero__visual-art circle[fill=""#FFF4D6""],",keep_local (no token match)
styles.css:2653,#fff4d0,"(unknown) :: .hero__visual-art circle[fill=""#FFF4D0""],",keep_local (no token match)
styles.css:2654,#fff8f0,"(unknown) :: .hero__visual-art circle[fill=""#FFF8F0""],",keep_local (no token match)
styles.css:2655,#dffff0,".hero__visual-art circle[fill=""#DFFFF0""] :: .hero__visual-art circle[fill=""#DFFFF0""]",keep_local (no token match)
styles.css:2952,"rgba(20,22,28,.95)",".trip-switcher__menu :: background: rgba(20, 22, 28, .95)",keep_local (no token match)
styles.css:2987,"rgba(255,255,255,.05)",".trip-switcher__item:hover :: background: rgba(255, 255, 255, .05)",keep_local (decorative low-alpha)
styles.css:3028,"rgba(12,14,18,.75)",".trip-card__share :: background: rgba(12, 14, 18, .75)",keep_local (no token match)
styles.css:3047,#ffffff,.trip-card__share:hover :: color: #fff,keep_local (no token match)
styles.css:3061,"rgba(20,22,28,.96)",".toast :: background: rgba(20, 22, 28, .96)",keep_local (no token match)
styles.css:3097,#111111,body [in @media print] :: color: #111 !important,keep_local (no token match)
styles.css:3142,#111111,span [in @media print] :: color: #111 !important,keep_local (no token match)
styles.css:3157,#dddddd,.breakdown [in @media print] :: border-color: #ddd !important,keep_local (no token match)
styles.css:3169,#111111,a [in @media print] :: color: #111 !important,keep_local (no token match)
styles.css:3174,#dddddd,.faq-item [in @media print] :: border: 1px solid #ddd !important,keep_local (no token match)
styles.css:3237,"rgba(12,14,18,0)",".trip-card__art::after :: rgba(12, 14, 18, 0) 0%,",keep_local (no token match)
styles.css:3238,"rgba(12,14,18,0)",".trip-card__art::after :: rgba(12, 14, 18, 0) 50%,",keep_local (no token match)
styles.css:3239,"rgba(12,14,18,.55)",".trip-card__art::after :: rgba(12, 14, 18, .55) 100%)",keep_local (no token match)
styles.css:3257,#002c51,(unknown) :: Navy #002c51 · Mint #9ce8b2 · DM Sans · Waypoint scale,var(--navy)
styles.css:3257,#9ce8b2,(unknown) :: Navy #002c51 · Mint #9ce8b2 · DM Sans · Waypoint scale,var(--mint)
styles.css:3289,"rgba(0,44,81,0.95)",".site-nav.scrolled :: background: rgba(0,44,81,0.95)",keep_local (decorative low-alpha)
styles.css:3298,"rgba(156,232,178,0.45)","(unknown) :: .trip-card:hover { border-color: rgba(156,232,178,0.45); }",keep_local (decorative low-alpha)
styles.css:3327,"rgba(156,232,178,0.2)",".bform-field textarea:focus :: box-shadow: 0 0 0 3px rgba(156,232,178,0.2)",keep_local (shadow/gradient ladder)
styles.css:3345,"rgba(156,232,178,0.45)","(unknown) :: .related-card:hover { border-color: rgba(156,232,178,0.45); }",keep_local (decorative low-alpha)
styles.css:3565,"rgba(201,135,46,0.18)","[data-region=""egypt""] .hero__bg::before :: background-image: radial-gradient(circle at 20% 80%, rgba(201,135,46,0.18), transparent 50%),",keep_local (shadow/gradient ladder)
styles.css:3566,"rgba(180,100,30,0.12)","[data-region=""egypt""] .hero__bg::before :: radial-gradient(circle at 80% 20%, rgba(180,100,30,0.12), transparent 60%)",keep_local (shadow/gradient ladder)
styles.css:3571,"rgba(232,93,47,0.15)","[data-region=""azerbaijan""] .hero__bg::before :: background-image: radial-gradient(circle at 50% 100%, rgba(232,93,47,0.15), transparent 50%),",keep_local (shadow/gradient ladder)
styles.css:3572,"rgba(58,175,175,0.18)","[data-region=""azerbaijan""] .hero__bg::before :: radial-gradient(circle at 30% 30%, rgba(58,175,175,0.18), transparent 55%)",keep_local (shadow/gradient ladder)
styles.css:3577,"rgba(224,112,64,0.14)","[data-region=""istanbul""] .hero__bg::before :: background-image: radial-gradient(circle at 70% 80%, rgba(224,112,64,0.14), transparent 55%),",keep_local (shadow/gradient ladder)
styles.css:3578,"rgba(91,158,201,0.15)","[data-region=""istanbul""] .hero__bg::before :: radial-gradient(circle at 30% 30%, rgba(91,158,201,0.15), transparent 60%)",keep_local (shadow/gradient ladder)
styles.css:3583,"rgba(76,175,130,0.15)","[data-region=""malaysia""] .hero__bg::before :: background-image: radial-gradient(circle at 50% 50%, rgba(76,175,130,0.15), transparent 60%),",keep_local (shadow/gradient ladder)
styles.css:3584,"rgba(150,210,180,0.10)","[data-region=""malaysia""] .hero__bg::before :: radial-gradient(circle at 80% 20%, rgba(150,210,180,0.10), transparent 50%)",keep_local (shadow/gradient ladder)
styles.css:3589,"rgba(40,180,212,0.18)","[data-region=""sharm""] .hero__bg::before :: background-image: radial-gradient(circle at 50% 70%, rgba(40,180,212,0.18), transparent 55%),",keep_local (shadow/gradient ladder)
styles.css:3590,"rgba(232,138,58,0.10)","[data-region=""sharm""] .hero__bg::before :: radial-gradient(circle at 70% 30%, rgba(232,138,58,0.10), transparent 60%)",keep_local (shadow/gradient ladder)
styles.css:3623,"rgba(0,44,81,0.5)",".site-nav :: background: rgba(0, 44, 81, 0.5)",keep_local (decorative low-alpha)
styles.css:3626,"rgba(156,232,178,0.16)",".site-nav :: border: 1px solid rgba(156, 232, 178, 0.16)",keep_local (decorative low-alpha)
styles.css:3628,"rgba(0,0,0,0.32)",".site-nav :: box-shadow: 0 8px 32px rgba(0, 0, 0, 0.32),",keep_local (shadow/gradient ladder)
styles.css:3629,"rgba(255,255,255,0.04)",".site-nav :: inset 0 1px 0 rgba(255, 255, 255, 0.04)",keep_local (decorative low-alpha)
styles.css:3637,"rgba(0,44,81,0.78)",".site-nav.scrolled :: background: rgba(0, 44, 81, 0.78)",keep_local (decorative low-alpha)
styles.css:3638,"rgba(156,232,178,0.22)",".site-nav.scrolled :: border-color: rgba(156, 232, 178, 0.22)",keep_local (decorative low-alpha)
styles.css:3785,"rgba(12,14,18,0.78)",".trip-card__flag :: background: rgba(12, 14, 18, 0.78) !important",keep_local (decorative low-alpha)
styles.css:3786,"rgba(255,255,255,0.85)",".trip-card__flag :: color: rgba(255, 255, 255, 0.85) !important",keep_local (decorative low-alpha)
styles.css:3787,"rgba(255,255,255,0.08)",".trip-card__flag :: border-color: rgba(255, 255, 255, 0.08) !important",keep_local (decorative low-alpha)
styles.css:3791,"rgba(12,14,18,0.85)",".trip-card__from :: background: rgba(12, 14, 18, 0.85) !important",keep_local (decorative low-alpha)
styles.css:3792,"rgba(255,255,255,0.7)",".trip-card__from :: color: rgba(255, 255, 255, 0.7) !important",keep_local (decorative low-alpha)
styles.css:3793,"rgba(255,255,255,0.12)",".trip-card__from :: border-color: rgba(255, 255, 255, 0.12) !important",keep_local (decorative low-alpha)
styles.css:3796,#ffffff,.trip-card__from strong :: color: #ffffff !important,keep_local (no token match)
styles.css:3800,"rgba(12,14,18,0.88)",".hotel-card__ribbon :: background: rgba(12, 14, 18, 0.88) !important",keep_local (decorative low-alpha)
styles.css:3801,"rgba(255,255,255,0.85)",".hotel-card__ribbon :: color: rgba(255, 255, 255, 0.85) !important",keep_local (decorative low-alpha)
styles.css:3805,"rgba(12,14,18,0.78)",".trip-card__share :: background: rgba(12, 14, 18, 0.78) !important",keep_local (decorative low-alpha)
styles.css:3806,#ffffff,.trip-card__share :: color: #ffffff !important,keep_local (no token match)
styles.css:3807,"rgba(255,255,255,0.12)",".trip-card__share :: border-color: rgba(255, 255, 255, 0.12) !important",keep_local (decorative low-alpha)
styles.css:3817,"rgba(12,14,18,0.65)",".hero__strip :: background: rgba(12, 14, 18, 0.65) !important",keep_local (decorative low-alpha)
styles.css:3820,"rgba(255,255,255,0.82)",".hero__strip .trust-pill :: color: rgba(255, 255, 255, 0.82) !important",keep_local (decorative low-alpha)
styles.css:3916,"rgba(0,44,81,.15)",".algeria-section::before :: radial-gradient(ellipse at 80% 70%, rgba(0,44,81,.15), transparent 60%)",keep_local (shadow/gradient ladder)
styles.css:3945,"rgba(0,44,81,.15)",".branch-card:hover :: box-shadow: 0 12px 32px rgba(0,44,81,.15)",keep_local (shadow/gradient ladder)
styles.css:4091,"rgba(201,135,46,0.28)","[data-region=""egypt""] .hero__bg::after :: background: radial-gradient(ellipse 80% 60% at 70% 50%, rgba(201,135,46,0.28), transparent 70%),",keep_local (shadow/gradient ladder)
styles.css:4092,"rgba(140,80,30,0.4)","[data-region=""egypt""] .hero__bg::after :: radial-gradient(circle at 20% 100%, rgba(140,80,30,0.4), transparent 50%)",keep_local (shadow/gradient ladder)
styles.css:4105,"rgba(201,135,46,0.35)","[data-region=""egypt""] .hero__deco::before :: radial-gradient(ellipse 100px 40px at 15% 100%, rgba(201,135,46,0.35), transparent 70%),",keep_local (shadow/gradient ladder)
styles.css:4107,"rgba(180,100,30,0.5)","[data-region=""egypt""] .hero__deco::before :: radial-gradient(ellipse 200px 80px at 88% 100%, rgba(180,100,30,0.5), transparent 70%)",keep_local (shadow/gradient ladder)
styles.css:4117,"rgba(255,200,120,0.18)","[data-region=""egypt""] .hero__deco::after :: background: radial-gradient(circle, rgba(255,200,120,0.18), transparent 60%)",keep_local (shadow/gradient ladder)
styles.css:4135,"rgba(232,93,47,0.22)","[data-region=""azerbaijan""] .hero__bg::after :: background: radial-gradient(ellipse 80% 60% at 50% 100%, rgba(232,93,47,0.22), transparent 60%),",keep_local (shadow/gradient ladder)
styles.css:4136,"rgba(58,175,175,0.25)","[data-region=""azerbaijan""] .hero__bg::after :: radial-gradient(ellipse 70% 50% at 30% 30%, rgba(58,175,175,0.25), transparent 65%)",keep_local (shadow/gradient ladder)
styles.css:4149,"rgba(232,93,47,0.4)","[data-region=""azerbaijan""] .hero__deco::before :: radial-gradient(ellipse 30px 100px at 15% 100%, rgba(232,93,47,0.4), transparent 70%),",keep_local (shadow/gradient ladder)
styles.css:4150,"rgba(232,93,47,0.5)","[data-region=""azerbaijan""] .hero__deco::before :: radial-gradient(ellipse 35px 130px at 22% 100%, rgba(232,93,47,0.5), transparent 70%),",keep_local (shadow/gradient ladder)
styles.css:4151,"rgba(232,93,47,0.4)","[data-region=""azerbaijan""] .hero__deco::before :: radial-gradient(ellipse 30px 110px at 30% 100%, rgba(232,93,47,0.4), transparent 70%),",keep_local (shadow/gradient ladder)
styles.css:4153,"rgba(58,175,175,0.15)","[data-region=""azerbaijan""] .hero__deco::before :: linear-gradient(180deg, transparent 60%, rgba(58,175,175,0.15) 100%)",keep_local (shadow/gradient ladder)
styles.css:4163,"rgba(58,175,175,0.15)","[data-region=""azerbaijan""] .hero__deco::after :: background: repeating-linear-gradient(90deg, transparent 0px, rgba(58,175,175,0.15) 1px, transparent 2px, transparent 30px)",keep_local (shadow/gradient ladder)
styles.css:4180,"rgba(224,112,64,0.20)","[data-region=""istanbul""] .hero__bg::after :: background: radial-gradient(ellipse 70% 60% at 70% 80%, rgba(224,112,64,0.20), transparent 60%),",keep_local (shadow/gradient ladder)
styles.css:4181,"rgba(112,184,224,0.20)","[data-region=""istanbul""] .hero__bg::after :: radial-gradient(ellipse 60% 50% at 30% 30%, rgba(112,184,224,0.20), transparent 65%)",keep_local (shadow/gradient ladder)
styles.css:4194,"rgba(112,184,224,0.4)","[data-region=""istanbul""] .hero__deco::before :: radial-gradient(ellipse 70px 50px at 50% 100%, rgba(112,184,224,0.4), transparent 70%),",keep_local (shadow/gradient ladder)
styles.css:4196,"rgba(112,184,224,0.5)","[data-region=""istanbul""] .hero__deco::before :: radial-gradient(ellipse 8px 90px at 38% 100%, rgba(112,184,224,0.5), transparent 60%),",keep_local (shadow/gradient ladder)
styles.css:4197,"rgba(112,184,224,0.5)","[data-region=""istanbul""] .hero__deco::before :: radial-gradient(ellipse 8px 90px at 62% 100%, rgba(112,184,224,0.5), transparent 60%),",keep_local (shadow/gradient ladder)
styles.css:4199,"rgba(112,184,224,0.18)","[data-region=""istanbul""] .hero__deco::before :: linear-gradient(180deg, transparent 70%, rgba(112,184,224,0.18) 100%)",keep_local (shadow/gradient ladder)
styles.css:4209,"rgba(224,112,64,0.10)","[data-region=""istanbul""] .hero__deco::after :: background: repeating-linear-gradient(90deg, transparent 0px, rgba(224,112,64,0.10) 1px, transparent 2px, transparent 40px)",keep_local (shadow/gradient ladder)
styles.css:4223,"rgba(76,175,130,0.22)","[data-region=""malaysia""] .hero__bg::after :: background: radial-gradient(ellipse 70% 60% at 50% 50%, rgba(76,175,130,0.22), transparent 65%),",keep_local (shadow/gradient ladder)
styles.css:4224,"rgba(150,210,180,0.18)","[data-region=""malaysia""] .hero__bg::after :: radial-gradient(ellipse 50% 40% at 80% 20%, rgba(150,210,180,0.18), transparent 60%)",keep_local (shadow/gradient ladder)
styles.css:4237,"rgba(76,175,130,0.5)","[data-region=""malaysia""] .hero__deco::before :: radial-gradient(ellipse 16px 160px at 47% 100%, rgba(76,175,130,0.5), transparent 60%),",keep_local (shadow/gradient ladder)
styles.css:4238,"rgba(76,175,130,0.5)","[data-region=""malaysia""] .hero__deco::before :: radial-gradient(ellipse 16px 160px at 53% 100%, rgba(76,175,130,0.5), transparent 60%),",keep_local (shadow/gradient ladder)
styles.css:4240,"rgba(76,175,130,0.4)","[data-region=""malaysia""] .hero__deco::before :: radial-gradient(ellipse 60px 30px at 8% 90%, rgba(76,175,130,0.4), transparent 70%),",keep_local (shadow/gradient ladder)
styles.css:4242,"rgba(76,175,130,0.4)","[data-region=""malaysia""] .hero__deco::before :: radial-gradient(ellipse 60px 30px at 92% 90%, rgba(76,175,130,0.4), transparent 70%)",keep_local (shadow/gradient ladder)
styles.css:4252,"rgba(150,210,180,0.12)","[data-region=""malaysia""] .hero__deco::after :: background: radial-gradient(circle, rgba(150,210,180,0.12), transparent 60%)",keep_local (shadow/gradient ladder)
styles.css:4270,"rgba(40,180,212,0.25)","[data-region=""sharm""] .hero__bg::after :: background: radial-gradient(ellipse 70% 60% at 50% 70%, rgba(40,180,212,0.25), transparent 60%),",keep_local (shadow/gradient ladder)
styles.css:4271,"rgba(232,138,58,0.15)","[data-region=""sharm""] .hero__bg::after :: radial-gradient(ellipse 50% 40% at 70% 30%, rgba(232,138,58,0.15), transparent 60%)",keep_local (shadow/gradient ladder)
styles.css:4284,"rgba(232,80,112,0.30)","[data-region=""sharm""] .hero__deco::before :: radial-gradient(ellipse 60px 30px at 18% 100%, rgba(232,80,112,0.30), transparent 70%),",keep_local (shadow/gradient ladder)
styles.css:4285,"rgba(40,180,212,0.40)","[data-region=""sharm""] .hero__deco::before :: radial-gradient(ellipse 80px 36px at 50% 100%, rgba(40,180,212,0.40), transparent 70%),",keep_local (shadow/gradient ladder)
styles.css:4286,"rgba(232,80,112,0.25)","[data-region=""sharm""] .hero__deco::before :: radial-gradient(ellipse 50px 28px at 82% 100%, rgba(232,80,112,0.25), transparent 70%),",keep_local (shadow/gradient ladder)
styles.css:4288,"rgba(40,180,212,0.20)","[data-region=""sharm""] .hero__deco::before :: linear-gradient(180deg, transparent 50%, rgba(40,180,212,0.20) 100%)",keep_local (shadow/gradient ladder)
styles.css:4300,"rgba(255,255,255,0.5)","[data-region=""sharm""] .hero__deco::after :: radial-gradient(circle 4px at 22% 70%, rgba(255,255,255,0.5), transparent 60%),",keep_local (shadow/gradient ladder)
styles.css:4301,"rgba(255,255,255,0.4)","[data-region=""sharm""] .hero__deco::after :: radial-gradient(circle 6px at 78% 60%, rgba(255,255,255,0.4), transparent 60%),",keep_local (shadow/gradient ladder)
styles.css:4302,"rgba(255,255,255,0.5)","[data-region=""sharm""] .hero__deco::after :: radial-gradient(circle 3px at 35% 50%, rgba(255,255,255,0.5), transparent 60%)",keep_local (shadow/gradient ladder)
styles.css:4364,"rgba(0,0,0,.75)",".hero__bg :: linear-gradient(90deg, rgba(0,0,0,.75) 0%, rgba(0,0,0,.55) 35%, rgba(0,0,0,.25) 65%, rgba(0,0,0,.15) 100%),",keep_local (shadow/gradient ladder)
styles.css:4364,"rgba(0,0,0,.55)",".hero__bg :: linear-gradient(90deg, rgba(0,0,0,.75) 0%, rgba(0,0,0,.55) 35%, rgba(0,0,0,.25) 65%, rgba(0,0,0,.15) 100%),",keep_local (shadow/gradient ladder)
styles.css:4364,"rgba(0,0,0,.25)",".hero__bg :: linear-gradient(90deg, rgba(0,0,0,.75) 0%, rgba(0,0,0,.55) 35%, rgba(0,0,0,.25) 65%, rgba(0,0,0,.15) 100%),",keep_local (shadow/gradient ladder)
styles.css:4364,"rgba(0,0,0,.15)",".hero__bg :: linear-gradient(90deg, rgba(0,0,0,.75) 0%, rgba(0,0,0,.55) 35%, rgba(0,0,0,.25) 65%, rgba(0,0,0,.15) 100%),",keep_local (shadow/gradient ladder)
styles.css:4365,#1a1208,".hero__bg :: var(--hero-gradient, linear-gradient(135deg,#1a1208 0%,#0a0c12 60%,#0c1420 100%))",keep_local (shadow/gradient ladder)
styles.css:4365,#0a0c12,".hero__bg :: var(--hero-gradient, linear-gradient(135deg,#1a1208 0%,#0a0c12 60%,#0c1420 100%))",keep_local (shadow/gradient ladder)
styles.css:4365,#0c1420,".hero__bg :: var(--hero-gradient, linear-gradient(135deg,#1a1208 0%,#0a0c12 60%,#0c1420 100%))",keep_local (shadow/gradient ladder)
styles.css:4433,"rgba(0,0,0,.85)","[data-region] .hero__bg :: rgba(0,0,0,.85) 0%,",keep_local (no token match)
styles.css:4434,"rgba(0,0,0,.65)","[data-region] .hero__bg :: rgba(0,0,0,.65) 30%,",keep_local (no token match)
styles.css:4435,"rgba(0,0,0,.30)","[data-region] .hero__bg :: rgba(0,0,0,.30) 60%,",keep_local (no token match)
styles.css:4436,"rgba(0,0,0,.10)","[data-region] .hero__bg :: rgba(0,0,0,.10) 100%)",keep_local (no token match)
styles.css:4452,"rgba(0,0,0,0.18)","[data-region] .hero__visual :: background: rgba(0,0,0,0.18)",keep_local (decorative low-alpha)
styles.css:4453,"rgba(255,255,255,0.08)","[data-region] .hero__visual :: border-color: rgba(255,255,255,0.08)",keep_local (decorative low-alpha)
styles.css:4510,"rgba(10,8,5,.65)",".home-hero__photos::after :: linear-gradient(180deg, rgba(10,8,5,.65) 0%, rgba(10,8,5,.55) 50%, rgba(10,8,5,.85) 100%),",keep_local (shadow/gradient ladder)
styles.css:4510,"rgba(10,8,5,.55)",".home-hero__photos::after :: linear-gradient(180deg, rgba(10,8,5,.65) 0%, rgba(10,8,5,.55) 50%, rgba(10,8,5,.85) 100%),",keep_local (shadow/gradient ladder)
styles.css:4510,"rgba(10,8,5,.85)",".home-hero__photos::after :: linear-gradient(180deg, rgba(10,8,5,.65) 0%, rgba(10,8,5,.55) 50%, rgba(10,8,5,.85) 100%),",keep_local (shadow/gradient ladder)
styles.css:4511,"rgba(10,8,5,.45)",".home-hero__photos::after :: radial-gradient(ellipse at 60% 40%, transparent 30%, rgba(10,8,5,.45) 80%)",keep_local (shadow/gradient ladder)
styles.css:4585,"rgba(0,0,0,.45)","[data-region] .hero::after :: background: radial-gradient(ellipse 70% 80% at 30% 50%, transparent 30%, rgba(0,0,0,.45) 95%)",keep_local (shadow/gradient ladder)
styles.css:4668,"rgba(255,255,255,.35)",".btn--primary::before :: rgba(255,255,255,.35) 0%, transparent 45%)",keep_local (shadow/gradient ladder)
styles.css:4676,"rgba(156,232,178,.35)",".btn--primary:hover :: box-shadow: 0 14px 30px -12px rgba(156, 232, 178, .35),",keep_local (shadow/gradient ladder)
styles.css:4677,"rgba(156,232,178,.25)",".btn--primary:hover :: 0 0 0 1px rgba(156, 232, 178, .25) inset",keep_local (no token match)
styles.css:4700,"rgba(0,0,0,.55)",".branch-card:hover :: box-shadow: 0 28px 50px -22px rgba(0, 0, 0, .55),",keep_local (shadow/gradient ladder)
styles.css:4701,"rgba(156,232,178,.12)",".branch-card:hover :: 0 0 0 1px rgba(156, 232, 178, .12)",var(--accent-dim)
styles.css:4768,"rgba(156,232,178,0)",".scroll-progress__fill :: rgba(156, 232, 178, 0) 0%,",keep_local (no token match)
styles.css:4771,"rgba(156,232,178,0)",".scroll-progress__fill :: rgba(156, 232, 178, 0) 100%)",keep_local (no token match)
styles.css:4795,#ffffff,.fab-whatsapp :: color: #fff,keep_local (no token match)
styles.css:4801,"rgba(37,211,102,.45)",".fab-whatsapp :: box-shadow: 0 6px 16px -2px rgba(37, 211, 102, .45),",keep_local (shadow/gradient ladder)
styles.css:4802,"rgba(0,0,0,.25)",".fab-whatsapp :: 0 2px 8px rgba(0, 0, 0, .25)",keep_local (no token match)
styles.css:4830,"rgba(37,211,102,.55)",".fab-whatsapp:hover :: box-shadow: 0 10px 22px -4px rgba(37, 211, 102, .55),",keep_local (shadow/gradient ladder)
styles.css:4831,"rgba(0,0,0,.3)",".fab-whatsapp:hover :: 0 4px 12px rgba(0, 0, 0, .3)",keep_local (no token match)
styles.css:4989,"rgba(12,14,18,0.55)",".trust-strip :: background: rgba(12, 14, 18, 0.55)",keep_local (decorative low-alpha)
styles.css:4992,"rgba(255,255,255,0.06)",".trust-strip :: border-top: 1px solid rgba(255, 255, 255, 0.06)",keep_local (decorative low-alpha)
styles.css:4993,"rgba(255,255,255,0.06)",".trust-strip :: border-bottom: 1px solid rgba(255, 255, 255, 0.06)",keep_local (decorative low-alpha)
styles.css:4995,#c9cdd4,".trust-strip :: color: var(--txt-2, #c9cdd4)",keep_local (no token match)
styles.css:5012,#9ce8b2,".trust-strip__item svg :: color: var(--mint, #9ce8b2)",var(--mint)
styles.css:5022,"rgba(255,255,255,0.12)",".trust-strip__sep :: background: rgba(255, 255, 255, 0.12)",keep_local (decorative low-alpha)
styles.css:5044,"rgba(12,14,18,0.92)",".trip-sticky-bar :: background: rgba(12, 14, 18, 0.92)",keep_local (decorative low-alpha)
styles.css:5047,"rgba(255,255,255,0.08)",".trip-sticky-bar :: border-bottom: 1px solid rgba(255, 255, 255, 0.08)",keep_local (decorative low-alpha)
styles.css:5051,"rgba(0,0,0,0.25)",".trip-sticky-bar :: box-shadow: 0 8px 32px rgba(0, 0, 0, 0.25)",keep_local (shadow/gradient ladder)
styles.css:5107,#002c51,".trip-sticky-bar__cta :: color: var(--navy, #002c51)",var(--navy)
styles.css:5114,"rgba(156,232,178,0.45)",".trip-sticky-bar__cta :: box-shadow: 0 6px 16px -4px rgba(156, 232, 178, 0.45)",keep_local (shadow/gradient ladder)
styles.css:5118,"rgba(156,232,178,0.55)",".trip-sticky-bar__cta:hover :: box-shadow: 0 10px 22px -4px rgba(156, 232, 178, 0.55)",keep_local (shadow/gradient ladder)
styles.css:5136,"rgba(5,6,9,0.96)",".lightbox :: background: rgba(5, 6, 9, 0.96)",keep_local (decorative low-alpha)
styles.css:5156,"rgba(0,0,0,0.7)",".lightbox__img :: box-shadow: 0 30px 80px -10px rgba(0, 0, 0, 0.7)",keep_local (shadow/gradient ladder)
styles.css:5166,"rgba(255,255,255,0.08)",".lightbox__nav :: background: rgba(255, 255, 255, 0.08)",keep_local (decorative low-alpha)
styles.css:5167,"rgba(255,255,255,0.18)",".lightbox__nav :: border: 1px solid rgba(255, 255, 255, 0.18)",keep_local (decorative low-alpha)
styles.css:5168,#ffffff,.lightbox__nav :: color: #fff,keep_local (no token match)
styles.css:5181,"rgba(255,255,255,0.18)",".lightbox__nav:hover :: background: rgba(255, 255, 255, 0.18)",keep_local (decorative low-alpha)
styles.css:5194,"rgba(255,255,255,0.7)",".lightbox__counter :: color: rgba(255, 255, 255, 0.7)",keep_local (decorative low-alpha)
styles.css:5206,"rgba(255,255,255,0.85)",".lightbox__caption :: color: rgba(255, 255, 255, 0.85)",keep_local (decorative low-alpha)
styles.css:5208,"rgba(0,0,0,0.4)",".lightbox__caption :: background: rgba(0, 0, 0, 0.4)",keep_local (decorative low-alpha)
styles.css:5235,"rgba(255,255,255,0.02)","[data-accordion] :: background: var(--bg-card, rgba(255, 255, 255, 0.02))",keep_local (decorative low-alpha)
styles.css:5236,"rgba(255,255,255,0.06)","[data-accordion] :: border: 1px solid var(--border, rgba(255, 255, 255, 0.06))",keep_local (decorative low-alpha)
styles.css:5271,"rgba(156,232,178,0.18)","[data-accordion]:hover :: border-color: var(--border-hi, rgba(156, 232, 178, 0.18))",keep_local (decorative low-alpha)
styles.css:5274,"rgba(156,232,178,0.22)","[data-accordion][open] :: border-color: rgba(156, 232, 178, 0.22)",keep_local (decorative low-alpha)
styles.css:5275,"rgba(156,232,178,0.03)","[data-accordion][open] :: background: var(--bg-card, rgba(156, 232, 178, 0.03))",keep_local (decorative low-alpha)
styles.css:5283,"rgba(156,232,178,0.15)","[data-accordion] .acc-day-num :: background: var(--mint-dim, rgba(156, 232, 178, 0.15))",keep_local (decorative low-alpha)
styles.css:5284,#9ce8b2,"[data-accordion] .acc-day-num :: color: var(--mint, #9ce8b2)",var(--mint)
styles.css:5346,"rgba(12,14,18,0.96)",".fab-whatsapp__tooltip :: background: rgba(12, 14, 18, 0.96)",keep_local (decorative low-alpha)
styles.css:5347,#ffffff,.fab-whatsapp__tooltip :: color: #fff,keep_local (no token match)
styles.css:5353,"rgba(0,0,0,0.5)",".fab-whatsapp__tooltip :: box-shadow: 0 12px 28px -8px rgba(0, 0, 0, 0.5)",keep_local (shadow/gradient ladder)
styles.css:5357,"rgba(255,255,255,0.08)",".fab-whatsapp__tooltip :: border: 1px solid rgba(255, 255, 255, 0.08)",keep_local (decorative low-alpha)
styles.css:5367,"rgba(12,14,18,0.96)",".fab-whatsapp__tooltip::after :: background: rgba(12, 14, 18, 0.96)",keep_local (decorative low-alpha)
styles.css:5368,"rgba(255,255,255,0.08)",".fab-whatsapp__tooltip::after :: border-right: 1px solid rgba(255, 255, 255, 0.08)",keep_local (decorative low-alpha)
styles.css:5369,"rgba(255,255,255,0.08)",".fab-whatsapp__tooltip::after :: border-top: 1px solid rgba(255, 255, 255, 0.08)",keep_local (decorative low-alpha)
styles.css:5392,"rgba(255,255,255,0.01)",".press-strip :: background: var(--bg-2, rgba(255, 255, 255, 0.01))",keep_local (decorative low-alpha)
styles.css:5454,"rgba(0,0,0,0)",".trip-card__hero::after :: rgba(0, 0, 0, 0) 0%,",keep_local (no token match)
styles.css:5455,"rgba(0,0,0,0)",".trip-card__hero::after :: rgba(0, 0, 0, 0) 45%,",keep_local (no token match)
styles.css:5456,"rgba(0,0,0,0.45)",".trip-card__hero::after :: rgba(0, 0, 0, 0.45) 90%,",keep_local (decorative low-alpha)
styles.css:5457,"rgba(0,0,0,0.55)",".trip-card__hero::after :: rgba(0, 0, 0, 0.55) 100%)",keep_local (decorative low-alpha)
styles.css:5508,"rgba(156,232,178,0.12)",".value-prop__icon :: background: var(--mint-dim, rgba(156, 232, 178, 0.12))",keep_local (decorative low-alpha)
styles.css:5516,#002c51,".value-prop:hover .value-prop__icon :: color: var(--navy, #002c51)",var(--navy)
styles.css:5567,"rgba(0,0,0,0.18)",".photo-strip__item::after :: background: rgba(0, 0, 0, 0.18)",keep_local (decorative low-alpha)
styles.css:5618,"rgba(0,44,81,0.45)",".globe-stage :: filter: drop-shadow(0 30px 60px rgba(0, 44, 81, 0.45))",keep_local (shadow/gradient ladder)
styles.css:5629,"rgba(156,232,178,0.12)",".globe-stage::before :: rgba(156, 232, 178, 0.12) 0%,",keep_local (decorative low-alpha)
styles.css:5630,"rgba(156,232,178,0.04)",".globe-stage::before :: rgba(156, 232, 178, 0.04) 40%,",keep_local (decorative low-alpha)
styles.css:5675,#fdfaf3,.globe-polaroid:not(.globe-polaroid--home) :: background: #fdfaf3,keep_local (no token match)
styles.css:5678,"rgba(0,0,0,0.18)",".globe-polaroid:not(.globe-polaroid--home) :: 0 1px 2px rgba(0, 0, 0, 0.18),",keep_local (decorative low-alpha)
styles.css:5679,"rgba(0,0,0,0.45)",".globe-polaroid:not(.globe-polaroid--home) :: 0 12px 28px -8px rgba(0, 0, 0, 0.45)",keep_local (decorative low-alpha)
styles.css:5698,#2a2a2a,.globe-polaroid__caption :: color: #2a2a2a,keep_local (no token match)
styles.css:5719,#9ce8b2,".globe-polaroid--home .globe-polaroid__chip :: background: var(--mint, #9ce8b2)",var(--mint)
styles.css:5720,#002c51,".globe-polaroid--home .globe-polaroid__chip :: color: var(--navy, #002c51)",var(--navy)
styles.css:5724,"rgba(156,232,178,0.18)",".globe-polaroid--home .globe-polaroid__chip :: 0 0 0 3px rgba(156, 232, 178, 0.18),",keep_local (decorative low-alpha)
styles.css:5725,"rgba(156,232,178,0.45)",".globe-polaroid--home .globe-polaroid__chip :: 0 8px 22px -4px rgba(156, 232, 178, 0.45)",keep_local (decorative low-alpha)
styles.css:5772,"rgba(12,14,18,0.78)",".globe-hint :: background: rgba(12, 14, 18, 0.78)",keep_local (decorative low-alpha)
styles.css:5775,"rgba(156,232,178,0.22)",".globe-hint :: border: 1px solid rgba(156, 232, 178, 0.22)",keep_local (decorative low-alpha)
styles.css:5779,#c9cdd4,".globe-hint :: color: var(--txt-2, #c9cdd4)",keep_local (no token match)
styles.css:5786,"rgba(0,0,0,0.5)",".globe-hint :: box-shadow: 0 12px 24px -12px rgba(0, 0, 0, 0.5)",keep_local (shadow/gradient ladder)
styles.css:5789,#9ce8b2,".globe-hint svg :: color: var(--mint, #9ce8b2)",var(--mint)
styles.css:5831,#0f1218,"#algeria-map :: background: var(--bg-2, #0f1218)",keep_local (no token match)
styles.css:5832,"rgba(255,255,255,.08)","#algeria-map :: border: 1px solid var(--border, rgba(255,255,255,.08))",keep_local (decorative low-alpha)
styles.css:5833,"rgba(0,44,81,.35)","#algeria-map :: box-shadow: 0 30px 60px -30px rgba(0, 44, 81, .35)",keep_local (shadow/gradient ladder)
styles.css:5845,"rgba(156,232,178,.12)","#algeria-map::after :: box-shadow: inset 0 0 0 1px rgba(156, 232, 178, .12)",var(--accent-dim)
styles.css:5863,"rgba(12,14,18,.82)","#algeria-map .maplibregl-ctrl-group :: background: rgba(12, 14, 18, .82) !important",keep_local (no token match)
styles.css:5866,"rgba(156,232,178,.18)","#algeria-map .maplibregl-ctrl-group :: border: 1px solid rgba(156, 232, 178, .18) !important",keep_local (no token match)
styles.css:5868,"rgba(0,0,0,.5)","#algeria-map .maplibregl-ctrl-group :: box-shadow: 0 6px 18px -8px rgba(0, 0, 0, .5) !important",keep_local (shadow/gradient ladder)
styles.css:5875,"rgba(12,14,18,.65)","#algeria-map .maplibregl-ctrl-attrib :: background: rgba(12, 14, 18, .65) !important",keep_local (no token match)
styles.css:5876,"rgba(255,255,255,.7)","#algeria-map .maplibregl-ctrl-attrib :: color: rgba(255, 255, 255, .7) !important",keep_local (no token match)
styles.css:5878,#9ce8b2,"(unknown) :: #algeria-map .maplibregl-ctrl-attrib a { color: var(--mint, #9ce8b2) !important; }",var(--mint)
styles.css:5911,#9ce8b2,".amap-hq__dot :: background: var(--mint, #9ce8b2)",var(--mint)
styles.css:5913,"rgba(255,255,255,.95)",".amap-hq__dot :: 0 0 0 3px rgba(255, 255, 255, .95),",keep_local (no token match)
styles.css:5914,"rgba(0,0,0,.35)",".amap-hq__dot :: 0 4px 10px -2px rgba(0, 0, 0, .35)",keep_local (no token match)
styles.css:5923,#9ce8b2,".amap-hq__halo :: background: var(--mint, #9ce8b2)",var(--mint)
styles.css:5941,#9ce8b2,".amap-hq__label :: color: var(--mint, #9ce8b2)",var(--mint)
styles.css:5943,"rgba(0,0,0,.55)",".amap-hq__label :: 0 0 4px rgba(0, 0, 0, .55),",keep_local (no token match)
styles.css:5944,"rgba(0,0,0,.4)",".amap-hq__label :: 0 1px 2px rgba(0, 0, 0, .4)",keep_local (no token match)
styles.css:5947,"rgba(12,14,18,.55)",".amap-hq__label :: background: rgba(12, 14, 18, .55)",keep_local (no token match)
styles.css:5979,#9ce8b2,".amap-branch__dot :: background: var(--mint, #9ce8b2)",var(--mint)
styles.css:5981,"rgba(255,255,255,.9)",".amap-branch__dot :: 0 0 0 2.5px rgba(255, 255, 255, .9),",keep_local (no token match)
styles.css:5982,"rgba(0,0,0,.3)",".amap-branch__dot :: 0 3px 6px -1px rgba(0, 0, 0, .3)",keep_local (no token match)
styles.css:5997,#ffffff,.amap-branch__label :: color: #fff,keep_local (no token match)
styles.css:5998,"rgba(0,0,0,.8)",".amap-branch__label :: text-shadow: 0 1px 3px rgba(0, 0, 0, .8), 0 0 8px rgba(0, 0, 0, .4)",keep_local (no token match)
styles.css:5998,"rgba(0,0,0,.4)",".amap-branch__label :: text-shadow: 0 1px 3px rgba(0, 0, 0, .8), 0 0 8px rgba(0, 0, 0, .4)",keep_local (no token match)
styles.css:6011,"rgba(255,255,255,.7)",".amap-branch--future .amap-branch__dot :: 0 0 0 2px rgba(255, 255, 255, .7),",keep_local (no token match)
styles.css:6012,"rgba(0,0,0,.25)",".amap-branch--future .amap-branch__dot :: 0 2px 4px rgba(0, 0, 0, .25)",keep_local (no token match)
styles.css:6021,"rgba(12,14,18,.96)",".maplibregl-popup-content :: background: rgba(12, 14, 18, .96) !important",keep_local (no token match)
styles.css:6022,#efe8df,".maplibregl-popup-content :: color: var(--txt-1, #efe8df) !important",keep_local (no token match)
styles.css:6024,"rgba(156,232,178,.22)",".maplibregl-popup-content :: border: 1px solid rgba(156, 232, 178, .22) !important",keep_local (no token match)
styles.css:6026,"rgba(0,0,0,.55)",".maplibregl-popup-content :: box-shadow: 0 14px 30px -8px rgba(0, 0, 0, .55) !important",keep_local (shadow/gradient ladder)
styles.css:6030,"rgba(12,14,18,.96)",".maplibregl-popup-tip :: border-top-color: rgba(12, 14, 18, .96) !important",keep_local (no token match)
styles.css:6031,"rgba(12,14,18,.96)",".maplibregl-popup-tip :: border-bottom-color: rgba(12, 14, 18, .96) !important",keep_local (no token match)
styles.css:6047,#9ce8b2,".amap-popup__role :: color: var(--mint, #9ce8b2)",var(--mint)
styles.css:6059,#c9cdd4,".amap-popup__addr :: color: var(--txt-2, #c9cdd4)",keep_local (no token match)
styles.css:6068,#9ce8b2,".amap-popup__phone :: color: var(--mint, #9ce8b2) !important",var(--mint)
styles.css:6089,#0f1218,".amap-fallback :: background: linear-gradient(135deg, var(--bg-2, #0f1218), var(--bg, #0a0c12))",keep_local (shadow/gradient ladder)
styles.css:6089,#0a0c12,".amap-fallback :: background: linear-gradient(135deg, var(--bg-2, #0f1218), var(--bg, #0a0c12))",keep_local (shadow/gradient ladder)
styles.css:6124,#0f1218,"#trip-map :: background: var(--bg-2, #0f1218)",keep_local (no token match)
styles.css:6125,"rgba(255,255,255,.08)","#trip-map :: border: 1px solid var(--border, rgba(255,255,255,.08))",keep_local (decorative low-alpha)
styles.css:6126,"rgba(0,44,81,.35)","#trip-map :: box-shadow: 0 30px 60px -30px rgba(0, 44, 81, .35)",keep_local (shadow/gradient ladder)
styles.css:6135,"rgba(156,232,178,.12)","#trip-map::after :: box-shadow: inset 0 0 0 1px rgba(156, 232, 178, .12)",var(--accent-dim)
styles.css:6148,"rgba(12,14,18,.82)","#trip-map .maplibregl-ctrl-group :: background: rgba(12, 14, 18, .82) !important",keep_local (no token match)
styles.css:6151,"rgba(156,232,178,.18)","#trip-map .maplibregl-ctrl-group :: border: 1px solid rgba(156, 232, 178, .18) !important",keep_local (no token match)
styles.css:6153,"rgba(0,0,0,.5)","#trip-map .maplibregl-ctrl-group :: box-shadow: 0 6px 18px -8px rgba(0, 0, 0, .5) !important",keep_local (shadow/gradient ladder)
styles.css:6160,"rgba(12,14,18,.65)","#trip-map .maplibregl-ctrl-attrib :: background: rgba(12, 14, 18, .65) !important",keep_local (no token match)
styles.css:6161,"rgba(255,255,255,.7)","#trip-map .maplibregl-ctrl-attrib :: color: rgba(255, 255, 255, .7) !important",keep_local (no token match)
styles.css:6163,#9ce8b2,"(unknown) :: #trip-map .maplibregl-ctrl-attrib a { color: var(--mint, #9ce8b2) !important; }",var(--mint)
styles.css:6196,"rgba(255,255,255,.95)",".tmap-pin__dot :: 0 0 0 3px rgba(255, 255, 255, .95),",keep_local (no token match)
styles.css:6197,"rgba(0,0,0,.4)",".tmap-pin__dot :: 0 4px 10px -1px rgba(0, 0, 0, .4)",keep_local (no token match)
styles.css:6200,#002c51,".tmap-pin__dot :: color: var(--navy, #002c51)",var(--navy)
styles.css:6214,#ffffff,.tmap-pin__label :: color: #fff,keep_local (no token match)
styles.css:6215,"rgba(0,0,0,.9)",".tmap-pin__label :: text-shadow: 0 1px 3px rgba(0, 0, 0, .9), 0 0 10px rgba(0, 0, 0, .6)",keep_local (no token match)
styles.css:6215,"rgba(0,0,0,.6)",".tmap-pin__label :: text-shadow: 0 1px 3px rgba(0, 0, 0, .9), 0 0 10px rgba(0, 0, 0, .6)",keep_local (no token match)
styles.css:6220,"rgba(12,14,18,.55)",".tmap-pin__label :: background: rgba(12, 14, 18, .55)",keep_local (no token match)
styles.css:6244,#9ce8b2,".tmap-pin--hotel .tmap-pin__dot :: background: var(--mint, #9ce8b2)",var(--mint)
styles.css:6249,#002c51,".tmap-pin--hotel .tmap-pin__dot svg :: stroke: var(--navy, #002c51)",var(--navy)
styles.css:6254,#e0a04a,.tmap-pin--site .tmap-pin__dot :: background: #e0a04a;       /* amber */,var(--warn)
styles.css:6259,"rgba(255,255,255,.98)",".tmap-pin--site.tmap-pin--featured .tmap-pin__dot :: 0 0 0 3.5px rgba(255, 255, 255, .98),",keep_local (no token match)
styles.css:6260,"rgba(224,160,74,.35)",".tmap-pin--site.tmap-pin--featured .tmap-pin__dot :: 0 0 0 7px rgba(224, 160, 74, .35),",keep_local (no token match)
styles.css:6261,"rgba(0,0,0,.45)",".tmap-pin--site.tmap-pin--featured .tmap-pin__dot :: 0 4px 12px -1px rgba(0, 0, 0, .45)",keep_local (no token match)
styles.css:6270,"rgba(224,160,74,.35)",".tmap-pin--site.tmap-pin--featured::after :: background: rgba(224, 160, 74, .35)",keep_local (no token match)
styles.css:6278,#3aa3a8,.tmap-pin--tour .tmap-pin__dot :: background: #3aa3a8;       /* turquoise */,keep_local (no token match)
styles.css:6302,#9ce8b2,".tmap-hub__dot :: background: var(--mint, #9ce8b2)",var(--mint)
styles.css:6304,"rgba(255,255,255,.95)",".tmap-hub__dot :: 0 0 0 3px rgba(255, 255, 255, .95),",keep_local (no token match)
styles.css:6305,"rgba(0,0,0,.4)",".tmap-hub__dot :: 0 4px 10px -2px rgba(0, 0, 0, .4)",keep_local (no token match)
styles.css:6314,#9ce8b2,".tmap-hub__halo :: background: var(--mint, #9ce8b2)",var(--mint)
styles.css:6328,#9ce8b2,".tmap-hub__label :: color: var(--mint, #9ce8b2)",var(--mint)
styles.css:6329,"rgba(0,0,0,.6)",".tmap-hub__label :: text-shadow: 0 0 4px rgba(0, 0, 0, .6), 0 1px 2px rgba(0, 0, 0, .5)",keep_local (no token match)
styles.css:6329,"rgba(0,0,0,.5)",".tmap-hub__label :: text-shadow: 0 0 4px rgba(0, 0, 0, .6), 0 1px 2px rgba(0, 0, 0, .5)",keep_local (no token match)
styles.css:6332,"rgba(12,14,18,.58)",".tmap-hub__label :: background: rgba(12, 14, 18, .58)",keep_local (no token match)
styles.css:6353,"rgba(12,14,18,.96)","#trip-map .maplibregl-popup-content :: background: rgba(12, 14, 18, .96) !important",keep_local (no token match)
styles.css:6354,#efe8df,"#trip-map .maplibregl-popup-content :: color: var(--txt-1, #efe8df) !important",keep_local (no token match)
styles.css:6356,"rgba(156,232,178,.22)","#trip-map .maplibregl-popup-content :: border: 1px solid rgba(156, 232, 178, .22) !important",keep_local (no token match)
styles.css:6358,"rgba(0,0,0,.55)","#trip-map .maplibregl-popup-content :: box-shadow: 0 14px 30px -8px rgba(0, 0, 0, .55) !important",keep_local (shadow/gradient ladder)
styles.css:6362,"rgba(12,14,18,.96)","#trip-map .maplibregl-popup-tip :: border-top-color: rgba(12, 14, 18, .96) !important",keep_local (no token match)
styles.css:6363,"rgba(12,14,18,.96)","#trip-map .maplibregl-popup-tip :: border-bottom-color: rgba(12, 14, 18, .96) !important",keep_local (no token match)
styles.css:6378,#9ce8b2,".tmap-popup__role :: color: var(--mint, #9ce8b2)",var(--mint)
styles.css:6390,#c9cdd4,".tmap-popup__addr :: color: var(--txt-2, #c9cdd4)",keep_local (no token match)
styles.css:6403,#0f1218,".tmap-fallback :: background: linear-gradient(135deg, var(--bg-2, #0f1218), var(--bg, #0a0c12))",keep_local (shadow/gradient ladder)
styles.css:6403,#0a0c12,".tmap-fallback :: background: linear-gradient(135deg, var(--bg-2, #0f1218), var(--bg, #0a0c12))",keep_local (shadow/gradient ladder)
styles.css:6449,"rgba(255,255,255,.85)",".trip-map-legend__chip :: box-shadow: 0 0 0 2px rgba(255,255,255,.85)",keep_local (shadow/gradient ladder)
styles.css:6451,#9ce8b2,"(unknown) :: .trip-map-legend__chip--hotel { background: var(--mint, #9ce8b2); }",var(--mint)
styles.css:6452,#e0a04a,(unknown) :: .trip-map-legend__chip--site  { background: #e0a04a; },var(--warn)
styles.css:6453,#3aa3a8,(unknown) :: .trip-map-legend__chip--tour  { background: #3aa3a8; },keep_local (no token match)
styles.css:6469,"rgba(12,14,18,.85)",".amap-recenter :: background: rgba(12, 14, 18, .85)",keep_local (no token match)
styles.css:6472,#9ce8b2,".amap-recenter :: color: var(--mint, #9ce8b2)",var(--mint)
styles.css:6473,"rgba(156,232,178,.25)",".amap-recenter :: border: 1px solid rgba(156, 232, 178, .25)",keep_local (no token match)
styles.css:6479,"rgba(0,0,0,.55)",".amap-recenter :: box-shadow: 0 6px 18px -8px rgba(0, 0, 0, .55)",keep_local (shadow/gradient ladder)
styles.css:6493,"rgba(156,232,178,.15)",".amap-recenter:hover :: background: rgba(156, 232, 178, .15)",keep_local (no token match)
styles.css:6551,#9ce8b2,".amap-hq[data-stack-count]::after :: background: var(--mint, #9ce8b2)",var(--mint)
styles.css:6552,#002c51,".amap-hq[data-stack-count]::after :: color: var(--navy, #002c51)",var(--navy)
styles.css:6558,#ffffff,.amap-hq[data-stack-count]::after :: border: 2px solid #fff,keep_local (no token match)
styles.css:6559,"rgba(0,0,0,.35)",".amap-hq[data-stack-count]::after :: box-shadow: 0 2px 6px -1px rgba(0, 0, 0, .35)",keep_local (shadow/gradient ladder)
styles.css:6620,#ffffff,"#algeria-map .amap-branch.is-focused .amap-branch__dot :: 0 0 0 3px #fff,",keep_local (no token match)
styles.css:6621,#9ce8b2,"#algeria-map .amap-branch.is-focused .amap-branch__dot :: 0 0 0 6px var(--mint, #9ce8b2),",var(--mint)
styles.css:6622,"rgba(0,0,0,.5)","#algeria-map .amap-branch.is-focused .amap-branch__dot :: 0 6px 14px -2px rgba(0, 0, 0, .5) !important",keep_local (no token match)
styles.css:6699,"rgba(0,0,0,.35)",".hero__price :: background: rgba(0, 0, 0, .35)",keep_local (no token match)
styles.css:6780,"rgba(0,0,0,.08)",".tier-tab[aria-pressed=""true""] :: box-shadow: 0 1px 0 rgba(0, 0, 0, .08), inset 0 1px 0 rgba(255, 255, 255, .15)",keep_local (shadow/gradient ladder)
styles.css:6780,"rgba(255,255,255,.15)",".tier-tab[aria-pressed=""true""] :: box-shadow: 0 1px 0 rgba(0, 0, 0, .08), inset 0 1px 0 rgba(255, 255, 255, .15)",keep_local (shadow/gradient ladder)
styles.css:6849,"rgba(0,0,0,.15)",".hotel-card__cta:hover :: box-shadow: 0 4px 12px rgba(0, 0, 0, .15)",keep_local (shadow/gradient ladder)
styles.css:6911,"rgba(0,0,0,.04)",".faq-item.open :: box-shadow: 0 1px 3px rgba(0, 0, 0, .04)",keep_local (shadow/gradient ladder)
styles.css:6965,"rgba(0,0,0,.04)",".breakdown :: box-shadow: 0 4px 20px rgba(0, 0, 0, .04)",keep_local (shadow/gradient ladder)
styles.css:7383,#050609,.scroll-hero :: background: #050609,keep_local (no token match)
styles.css:7384,#f3f6fa,.scroll-hero :: color: #f3f6fa,keep_local (no token match)
styles.css:7433,"rgba(0,0,0,.25)",".scroll-hero__bg::after :: background: linear-gradient(180deg, rgba(0, 0, 0, .25) 0%, rgba(0, 0, 0, .35) 50%, rgba(0, 0, 0, .55) 100%)",keep_local (shadow/gradient ladder)
styles.css:7433,"rgba(0,0,0,.35)",".scroll-hero__bg::after :: background: linear-gradient(180deg, rgba(0, 0, 0, .25) 0%, rgba(0, 0, 0, .35) 50%, rgba(0, 0, 0, .55) 100%)",keep_local (shadow/gradient ladder)
styles.css:7433,"rgba(0,0,0,.55)",".scroll-hero__bg::after :: background: linear-gradient(180deg, rgba(0, 0, 0, .25) 0%, rgba(0, 0, 0, .35) 50%, rgba(0, 0, 0, .55) 100%)",keep_local (shadow/gradient ladder)
styles.css:7450,#0a0d12,.scroll-hero__media :: background-color: #0a0d12,keep_local (no token match)
styles.css:7458,"rgba(0,0,0,.55)",".scroll-hero__media :: 0 30px 80px rgba(0, 0, 0, .55),",keep_local (no token match)
styles.css:7459,"rgba(255,255,255,.08)",".scroll-hero__media :: 0 0 0 1px rgba(255, 255, 255, .08) inset",keep_local (decorative low-alpha)
styles.css:7467,"rgba(0,0,0,.35)",".scroll-hero__media::after :: radial-gradient(ellipse at center, transparent 50%, rgba(0, 0, 0, .35) 100%),",keep_local (shadow/gradient ladder)
styles.css:7468,"rgba(0,0,0,.15)",".scroll-hero__media::after :: linear-gradient(180deg, rgba(0, 0, 0, .15) 0%, transparent 30%, transparent 60%, rgba(0, 0, 0, .35) 100%)",keep_local (shadow/gradient ladder)
styles.css:7468,"rgba(0,0,0,.35)",".scroll-hero__media::after :: linear-gradient(180deg, rgba(0, 0, 0, .15) 0%, transparent 30%, transparent 60%, rgba(0, 0, 0, .35) 100%)",keep_local (shadow/gradient ladder)
styles.css:7492,"rgba(0,0,0,.45)",".scroll-hero__title :: text-shadow: 0 2px 24px rgba(0, 0, 0, .45)",keep_local (no token match)
styles.css:7494,#d6e8f5,.scroll-hero__title :: color: #d6e8f5,keep_local (no token match)
styles.css:7521,"rgba(0,0,0,.35)",".scroll-hero__eyebrow :: background: rgba(0, 0, 0, .35)",keep_local (no token match)
styles.css:7522,"rgba(255,255,255,.15)",".scroll-hero__eyebrow :: border: 1px solid rgba(255, 255, 255, .15)",keep_local (no token match)
styles.css:7529,#e8eef3,.scroll-hero__eyebrow :: color: #e8eef3,keep_local (no token match)
styles.css:7561,#cfe4f3,.scroll-hero__date :: color: #cfe4f3,keep_local (no token match)
styles.css:7571,#9fb6c8,.scroll-hero__prompt :: color: #9fb6c8,keep_local (no token match)
styles.css:7596,"rgba(232,238,243,.65)",".scroll-hero__skip :: color: rgba(232, 238, 243, .65)",keep_local (no token match)
styles.css:7597,"rgba(0,0,0,.35)",".scroll-hero__skip :: background: rgba(0, 0, 0, .35)",keep_local (no token match)
styles.css:7598,"rgba(255,255,255,.12)",".scroll-hero__skip :: border: 1px solid rgba(255, 255, 255, .12)",var(--border-hi)
styles.css:7610,"rgba(0,0,0,.55)",".scroll-hero__skip:hover :: background: rgba(0, 0, 0, .55)",keep_local (no token match)
styles.css:7611,#ffffff,.scroll-hero__skip:hover :: color: #fff,keep_local (no token match)
styles.css:7633,#f3f6fa,".scroll-hero__continuation h1 :: color: var(--txt-1, #f3f6fa)",keep_local (no token match)
styles.css:7638,#9ce8b2,".scroll-hero__continuation h1 em :: color: var(--accent, #9ce8b2)",var(--mint)
styles.css:7645,#cfe4f3,".scroll-hero__continuation p :: color: var(--txt-2, #cfe4f3)",keep_local (no token match)
styles.css:7749,#d04444,.bform-field textarea.is-invalid :: border-color: #d04444,keep_local (no token match)
styles.css:7750,"rgba(208,68,68,.12)",".bform-field textarea.is-invalid :: box-shadow: 0 0 0 3px rgba(208, 68, 68, .12)",keep_local (shadow/gradient ladder)
styles.css:7751,"rgba(208,68,68,.04)",".bform-field textarea.is-invalid :: background: rgba(208, 68, 68, .04)",keep_local (decorative low-alpha)
styles.css:7756,#d04444,.bform-field textarea.is-invalid:focus :: border-color: #d04444,keep_local (no token match)
styles.css:7757,"rgba(208,68,68,.22)",".bform-field textarea.is-invalid:focus :: box-shadow: 0 0 0 4px rgba(208, 68, 68, .22)",keep_local (shadow/gradient ladder)
styles.css:7767,#d04444,.bf-field-err :: color: #d04444,keep_local (no token match)
styles.css:7784,#8a99a8,".bf-field-hint :: color: var(--txt-3, #8a99a8)",keep_local (no token match)
styles.css:7791,#d04444,.bform-field .req :: color: #d04444,keep_local (no token match)
styles.css:7803,"rgba(208,68,68,.08)",".bf-validation-banner :: background: rgba(208, 68, 68, .08)",keep_local (decorative low-alpha)
styles.css:7804,"rgba(208,68,68,.25)",".bf-validation-banner :: border: 1px solid rgba(208, 68, 68, .25)",keep_local (no token match)
styles.css:7806,#c43d3d,.bf-validation-banner :: color: #c43d3d,keep_local (no token match)
styles.css:7812,#d04444,.bf-validation-banner svg :: color: #d04444,keep_local (no token match)
styles.css:7833,#8a99a8,".hero-fineprint :: color: var(--txt-3, #8a99a8)",keep_local (no token match)
styles.css:7853,"rgba(245,200,66,.10)",".calc-disclaimer :: background: rgba(245, 200, 66, .10)",keep_local (no token match)
styles.css:7854,"rgba(245,200,66,.25)",".calc-disclaimer :: border: 1px solid rgba(245, 200, 66, .25)",keep_local (no token match)
styles.css:7857,#c9cdd4,".calc-disclaimer :: color: var(--txt-2, #c9cdd4)",keep_local (no token match)
styles.css:7866,#fbf8f1,".calc-disclaimer strong :: color: var(--txt-1, #fbf8f1)",keep_local (no token match)
styles.css:7876,#9ce8b2,".date-chip:focus-visible :: outline: 2px solid var(--accent, #9ce8b2)",var(--mint)
styles.css:7881,#9ce8b2,".date-chip[aria-checked=""true""] :: background: var(--accent, #9ce8b2)",var(--mint)
styles.css:7882,#0a0c12,".date-chip[aria-checked=""true""] :: color: var(--bg, #0a0c12)",keep_local (no token match)
styles.css:7883,#9ce8b2,".date-chip[aria-checked=""true""] :: border-color: var(--accent, #9ce8b2)",var(--mint)
styles.css:7901,#0a0c12,".info-block-section :: background: var(--bg, #0a0c12)",keep_local (no token match)
styles.css:7911,"rgba(255,255,255,.03)",".info-card :: background: var(--bg-card, rgba(255,255,255,.03))",keep_local (decorative low-alpha)
styles.css:7912,"rgba(255,255,255,.08)",".info-card :: border: 1px solid var(--border, rgba(255,255,255,.08))",keep_local (decorative low-alpha)
styles.css:7918,"rgba(255,255,255,.16)",".info-card[open] :: border-color: var(--border-hi, rgba(255,255,255,.16))",keep_local (no token match)
styles.css:7919,"rgba(0,0,0,.04)",".info-card[open] :: box-shadow: 0 4px 20px rgba(0, 0, 0, .04)",keep_local (shadow/gradient ladder)
styles.css:7936,#fbf8f1,".info-card__head :: color: var(--txt-1, #fbf8f1)",keep_local (no token match)
styles.css:7940,"rgba(255,255,255,.02)","(unknown) :: .info-card__head:hover { background: rgba(255, 255, 255, .02); }",keep_local (decorative low-alpha)
styles.css:7942,#9ce8b2,".info-card__head:focus-visible :: outline: 2px solid var(--accent, #9ce8b2)",var(--mint)
styles.css:7950,"rgba(156,232,178,.12)",".info-card__icon :: background: var(--accent-dim, rgba(156, 232, 178, .12))",var(--accent-dim)
styles.css:7951,#9ce8b2,".info-card__icon :: color: var(--accent, #9ce8b2)",var(--mint)
styles.css:7964,#8a99a8,".info-card__chevron :: color: var(--txt-3, #8a99a8)",keep_local (no token match)
styles.css:7973,#c9cdd4,".info-card__body :: color: var(--txt-2, #c9cdd4)",keep_local (no token match)
styles.css:7979,#fbf8f1,".info-card__lede :: color: var(--txt-1, #fbf8f1)",keep_local (no token match)
styles.css:7985,"rgba(156,232,178,.06)",".info-card__note :: background: rgba(156, 232, 178, .06)",keep_local (decorative low-alpha)
styles.css:7986,#9ce8b2,".info-card__note :: border-left: 3px solid var(--accent, #9ce8b2)",var(--mint)
styles.css:7991,#fbf8f1,"(unknown) :: .info-card__note strong { color: var(--txt-1, #fbf8f1); }",keep_local (no token match)
styles.css:8016,#9ce8b2,".info-list li::before :: background: var(--accent, #9ce8b2)",var(--mint)
styles.css:8019,#fbf8f1,".info-list li strong :: color: var(--txt-1, #fbf8f1)",keep_local (no token match)
styles.css:8026,"rgba(255,255,255,.02)",".info-list--tiered li :: background: rgba(255, 255, 255, .02)",keep_local (decorative low-alpha)
styles.css:8028,"rgba(255,255,255,.06)",".info-list--tiered li :: border: 1px solid var(--border, rgba(255,255,255,.06))",var(--border)
styles.css:8070,"rgba(0,0,0,.35)",".hero .btn--ghost :: background: rgba(0, 0, 0, .35)",keep_local (no token match)
styles.css:8071,"rgba(255,255,255,.55)",".hero .btn--ghost :: border: 1.5px solid rgba(255, 255, 255, .55)",keep_local (no token match)
styles.css:8072,#ffffff,.hero .btn--ghost :: color: #fff,keep_local (no token match)
styles.css:8075,"rgba(0,0,0,.35)",".hero .btn--ghost :: text-shadow: 0 1px 2px rgba(0, 0, 0, .35)",keep_local (no token match)
styles.css:8082,"rgba(0,0,0,.55)",".hero .btn--ghost:hover :: background: rgba(0, 0, 0, .55)",keep_local (no token match)
styles.css:8083,"rgba(255,255,255,.85)",".hero .btn--ghost:hover :: border-color: rgba(255, 255, 255, .85)",keep_local (no token match)
styles.css:8113,"rgba(255,255,255,.16)",".dest-filter__pill :: border: 1px solid var(--border-hi, rgba(255, 255, 255, .16))",keep_local (no token match)
styles.css:8117,#c9cdd4,".dest-filter__pill :: color: var(--txt-2, #c9cdd4)",keep_local (no token match)
styles.css:8123,#9ce8b2,".dest-filter__pill:hover :: border-color: var(--accent, #9ce8b2)",var(--mint)
styles.css:8124,#fbf8f1,".dest-filter__pill:hover :: color: var(--txt-1, #fbf8f1)",keep_local (no token match)
styles.css:8125,"rgba(156,232,178,.08)",".dest-filter__pill:hover :: background: var(--accent-dim, rgba(156, 232, 178, .08))",keep_local (decorative low-alpha)
styles.css:8128,#9ce8b2,".dest-filter__pill[aria-pressed=""true""] :: background: var(--accent, #9ce8b2)",var(--mint)
styles.css:8129,#0a0c12,".dest-filter__pill[aria-pressed=""true""] :: color: var(--bg, #0a0c12)",keep_local (no token match)
styles.css:8130,#9ce8b2,".dest-filter__pill[aria-pressed=""true""] :: border-color: var(--accent, #9ce8b2)",var(--mint)
styles.css:8154,"rgba(255,255,255,.03)",".contact-form :: background: var(--bg-card, rgba(255, 255, 255, .03))",keep_local (decorative low-alpha)
styles.css:8155,"rgba(255,255,255,.16)",".contact-form :: border: 1px solid var(--border-hi, rgba(255, 255, 255, .16))",keep_local (no token match)
styles.css:8168,#8a99a8,".contact-form__field label :: color: var(--txt-3, #8a99a8)",keep_local (no token match)
styles.css:8173,#0a0c12,".contact-form__field select :: background: var(--bg, #0a0c12)",keep_local (no token match)
styles.css:8174,"rgba(255,255,255,.08)",".contact-form__field select :: border: 1px solid var(--border, rgba(255, 255, 255, .08))",keep_local (decorative low-alpha)
styles.css:8176,#fbf8f1,".contact-form__field select :: color: var(--txt-1, #fbf8f1)",keep_local (no token match)
styles.css:8184,#9ce8b2,".contact-form__field select:focus :: border-color: var(--accent, #9ce8b2)",var(--mint)
styles.css:8185,"rgba(156,232,178,.15)",".contact-form__field select:focus :: box-shadow: 0 0 0 3px var(--accent-dim, rgba(156, 232, 178, .15))",keep_local (shadow/gradient ladder)
styles.css:8198,#8a99a8,".contact-form__hint :: color: var(--txt-3, #8a99a8)",keep_local (no token match)
styles.css:8218,"rgba(255,255,255,.04)",".footer-social a :: background: var(--bg-card, rgba(255, 255, 255, .04))",keep_local (decorative low-alpha)
styles.css:8219,"rgba(255,255,255,.08)",".footer-social a :: border: 1px solid var(--border, rgba(255, 255, 255, .08))",keep_local (decorative low-alpha)
styles.css:8222,#c9cdd4,".footer-social a :: color: var(--txt-2, #c9cdd4)",keep_local (no token match)
styles.css:8227,#9ce8b2,".footer-social a:hover :: background: var(--accent, #9ce8b2)",var(--mint)
styles.css:8228,#0a0c12,".footer-social a:hover :: color: var(--bg, #0a0c12)",keep_local (no token match)
styles.css:8229,#9ce8b2,".footer-social a:hover :: border-color: var(--accent, #9ce8b2)",var(--mint)
styles.css:8242,"rgba(156,232,178,.14)",".dep-badge :: background: var(--accent-dim, rgba(156, 232, 178, .14))",keep_local (no token match)
styles.css:8243,#9ce8b2,".dep-badge :: color: var(--accent, #9ce8b2)",var(--mint)
styles.css:8313,#0a0d12,picture.scroll-hero__media :: background-color: #0a0d12,keep_local (no token match)
styles.css:8356,#9ce8b2,"(unknown) :: (mint #9ce8b2, navy #002c51, cream #fbf8f1).",var(--mint)
styles.css:8356,#002c51,"(unknown) :: (mint #9ce8b2, navy #002c51, cream #fbf8f1).",var(--navy)
styles.css:8356,#fbf8f1,"(unknown) :: (mint #9ce8b2, navy #002c51, cream #fbf8f1).",keep_local (no token match)
styles.css:8363,#fbf8f1,".hotel-card :: --hc-text:        var(--txt-1, #fbf8f1)",keep_local (no token match)
styles.css:8364,#0f1218,".hotel-card :: --hc-bg:          var(--bg-card, #0f1218)",keep_local (no token match)
styles.css:8365,#9ce8b2,".hotel-card :: --hc-accent:      var(--accent, #9ce8b2)",var(--mint)
styles.css:8366,"rgba(156,232,178,.14)",".hotel-card :: --hc-accent-dim:  var(--accent-dim, rgba(156, 232, 178, .14))",keep_local (no token match)
styles.css:8367,#000000,.hotel-card :: --hc-shadow:      #000,keep_local (no token match)
styles.css:8368,#9ce8b2,".hotel-card :: --hc-border:      var(--accent, #9ce8b2)",var(--mint)
styles.css:8369,"rgba(255,255,255,.04)",".hotel-card :: --hc-pattern:     rgba(255, 255, 255, .04)",keep_local (decorative low-alpha)
styles.css:8379,"rgba(255,255,255,.03)",".hotel-card :: inset 0 0 0 1px rgba(255, 255, 255, .03)",keep_local (decorative low-alpha)
styles.css:8404,"rgba(255,255,255,.04)",".hotel-card:hover :: inset 0 0 0 1px rgba(255, 255, 255, .04)",keep_local (decorative low-alpha)
styles.css:8489,"rgba(0,0,0,.35)",".hotel-card__img::after :: rgba(0, 0, 0, .35),",keep_local (no token match)
styles.css:8490,"rgba(0,0,0,.35)",".hotel-card__img::after :: rgba(0, 0, 0, .35) 8px,",keep_local (no token match)
styles.css:8494,"rgba(0,0,0,.55)",".hotel-card__img::after :: linear-gradient(180deg, transparent 0%, rgba(0, 0, 0, .55) 100%)",keep_local (shadow/gradient ladder)
styles.css:8526,#5b9ec9,(unknown) :: .hotel-card__ribbon.economique { color: #5b9eC9; },keep_local (no token match)
styles.css:8527,#5cc4c1,(unknown) :: .hotel-card__ribbon.medium     { color: #5cc4c1; },keep_local (no token match)
styles.css:8528,#d8a653,(unknown) :: .hotel-card__ribbon.premium    { color: #d8a653; },keep_local (no token match)
styles.css:8596,"rgba(0,0,0,0)",".hotel-card__price :: border-top: 2px dashed rgba(0, 0, 0, 0)",keep_local (no token match)
styles.css:8692,"rgba(255,255,255,.35)",".hotel-card__cta::before :: rgba(255, 255, 255, .35) 50%,",keep_local (no token match)
styles.css:8806,#ffffff,.trip-card :: --tc-fg: #fff,keep_local (no token match)
styles.css:8807,"rgba(255,255,255,.82)",".trip-card :: --tc-fg-muted: rgba(255, 255, 255, .82)",keep_local (no token match)
styles.css:8808,"rgba(255,255,255,.55)",".trip-card :: --tc-fg-faint: rgba(255, 255, 255, .55)",keep_local (no token match)
styles.css:8809,#9ce8b2,".trip-card :: --tc-accent: var(--tc-region-accent, var(--accent, #9ce8b2))",var(--mint)
styles.css:8817,#050609,.trip-card :: background: #050609,keep_local (no token match)
styles.css:8822,"rgba(255,255,255,.05)",".trip-card :: 0 1px 0 rgba(255, 255, 255, .05) inset,",keep_local (decorative low-alpha)
styles.css:8823,"rgba(0,0,0,.55)",".trip-card :: 0 10px 22px -12px rgba(0, 0, 0, .55),",keep_local (no token match)
styles.css:8824,"rgba(0,0,0,.35)",".trip-card :: 0 22px 44px -24px rgba(0, 0, 0, .35)",keep_local (no token match)
styles.css:8834,"rgba(255,255,255,.07)",".trip-card:hover :: 0 1px 0 rgba(255, 255, 255, .07) inset,",keep_local (decorative low-alpha)
styles.css:8835,"rgba(0,0,0,.6)",".trip-card:hover :: 0 14px 28px -12px rgba(0, 0, 0, .6),",keep_local (no token match)
styles.css:8836,"rgba(0,0,0,.45)",".trip-card:hover :: 0 30px 56px -24px rgba(0, 0, 0, .45)",keep_local (no token match)
styles.css:8845,#e0a04a,"(unknown) :: .trip-card[data-region=""egypt""]      { --tc-region-accent: #e0a04a; }",var(--warn)
styles.css:8846,#e07b5a,"(unknown) :: .trip-card[data-region=""azerbaijan""] { --tc-region-accent: #e07b5a; }",keep_local (no token match)
styles.css:8847,#5cb1c1,"(unknown) :: .trip-card[data-region=""istanbul""]   { --tc-region-accent: #5cb1c1; }",keep_local (no token match)
styles.css:8848,#8acaa1,"(unknown) :: .trip-card[data-region=""malaysia""]   { --tc-region-accent: #8acaa1; }",keep_local (no token match)
styles.css:8849,#5cc4c1,"(unknown) :: .trip-card[data-region=""sharm""]      { --tc-region-accent: #5cc4c1; }",keep_local (no token match)
styles.css:8868,#050609,.trip-card__art :: background: #050609 !important,keep_local (no token match)
styles.css:8898,"rgba(0,0,0,.35)",".trip-card__hero::after :: rgba(0, 0, 0, .35) 0%,",keep_local (no token match)
styles.css:8899,"rgba(0,0,0,.08)",".trip-card__hero::after :: rgba(0, 0, 0, .08) 28%,",keep_local (decorative low-alpha)
styles.css:8900,"rgba(0,0,0,.35)",".trip-card__hero::after :: rgba(0, 0, 0, .35) 55%,",keep_local (no token match)
styles.css:8901,"rgba(0,0,0,.80)",".trip-card__hero::after :: rgba(0, 0, 0, .80) 82%,",keep_local (no token match)
styles.css:8902,"rgba(0,0,0,.96)",".trip-card__hero::after :: rgba(0, 0, 0, .96) 100%)",keep_local (no token match)
styles.css:8927,"rgba(0,0,0,.42)",".trip-card__from :: background: rgba(0, 0, 0, .42) !important",keep_local (no token match)
styles.css:8928,"rgba(255,255,255,.25)",".trip-card__from :: border: 1.5px solid rgba(255, 255, 255, .25) !important",keep_local (no token match)
styles.css:8952,"rgba(0,0,0,.58)",".trip-card:hover .trip-card__from :: background: rgba(0, 0, 0, .58) !important",keep_local (no token match)
styles.css:8964,"rgba(0,0,0,.42)",".trip-card__monument :: background: rgba(0, 0, 0, .42)",keep_local (no token match)
styles.css:8965,"rgba(255,255,255,.25)",".trip-card__monument :: border: 1.5px solid rgba(255, 255, 255, .25)",keep_local (no token match)
styles.css:8978,"rgba(0,0,0,.58)",".trip-card:hover .trip-card__monument :: background: rgba(0, 0, 0, .58)",keep_local (no token match)
styles.css:9019,"rgba(0,0,0,.45)",".trip-card__title :: text-shadow: 0 2px 18px rgba(0, 0, 0, .45)",keep_local (no token match)
styles.css:9032,"rgba(0,0,0,.35)",".trip-card__subtitle :: text-shadow: 0 1px 12px rgba(0, 0, 0, .35)",keep_local (no token match)
styles.css:9065,"rgba(255,255,255,.12)",".trip-card__cta > span:not(.trip-card__cta-price) :: background: rgba(255, 255, 255, .12)",var(--border-hi)
styles.css:9066,"rgba(255,255,255,.28)",".trip-card__cta > span:not(.trip-card__cta-price) :: border: 1.5px solid rgba(255, 255, 255, .28)",keep_local (no token match)
styles.css:9085,#050609,.trip-card:hover .trip-card__cta > span:not(.trip-card__cta-price) :: color: #050609,keep_local (no token match)
styles.css:9128,#050609,.trip-card__cta > span:not(.trip-card__cta-price) [in @media (max-width: 640px)] :: color: #050609,keep_local (no token match)
styles.css:9131,#050609,@media (max-width: 640px) :: .trip-card__cta > svg { color: #050609; },keep_local (no token match)
styles.css:9368,#052e16,.phone-card__btn--wa :: color: #052e16,keep_local (no token match)
styles.css:9371,#20bf5b,.phone-card__btn--wa:hover :: background: #20bf5b,keep_local (no token match)
styles.css:9372,#052e16,.phone-card__btn--wa:hover :: color: #052e16,keep_local (no token match)
styles.css:9463,#c9cdd4,".amap-popup__maps :: color: var(--txt-2, #c9cdd4) !important",keep_local (no token match)
